"","AUC","lci","uci","Condition","posterior odds","prior odds","BF"
"1",-1.01,-1.62,-0.44,"delta",0.000500250125062531,0.0211166932157007,0.0236897946071682
"2",-0.51,-0.81,-0.22,"Logical",0.00112626705043174,0.0211166932157007,0.0533353891600004
"3",0.51,0.22,0.81,"Pragmatic",0.00112626705043174,0.0211166932157007,0.0533353891600004
