"","Proportion","lci","uci","Condition","posterior odds","prior odds","BF"
"1",3.96,1.31,6.61,"delta",0.000500250125062531,0.0425789232244881,0.0117487735052639
"2",-0.33,-2.39,1.63,"Logical",0.0797678499122689,0.0425789232244881,1.87341162884064
"3",-4.29,-6.59,-2.28,"Pragmatic",0.000375140677754158,0.0425789232244881,0.00881047826823404
